<?xml version = '1.0' encoding = 'UTF-8'?>
<Relation class="oracle.dbtools.crest.model.design.logical.Relation" name="Relation_4" directorySegmentName="seg_0" id="10217B36-1180-9C22-7059-0627485033BC">
<createdBy>David</createdBy>
<createdTime>2025-12-11 01:29:02 UTC</createdTime>
<ownerDesignName>ET_MER</ownerDesignName>
<engineerTo>
<item key="FFF5B524-B1D8-7326-FB8A-BF7E4669BF6B" value="true"/>
</engineerTo>
<sourcePk>BE5DC920-503B-7D7E-BDDB-84A2ACA90A39</sourcePk>
<targetPk>C2A1B385-F43D-AE0D-97C3-319294204980</targetPk>
<identifying>false</identifying>
<optionalSource>false</optionalSource>
<optionalTarget>false</optionalTarget>
<sourceCardinality>1</sourceCardinality>
<sourceEntity>4357DF4F-7B8E-F2A9-C0D7-D165DFCA16F3</sourceEntity>
<targetCardinalityString>1</targetCardinalityString>
<targetEntity>7E37BAF7-A5B4-C90B-522B-E7F7FC67A53D</targetEntity>
<transferable>true</transferable>
<deleteRule>NO ACTION</deleteRule>
</Relation>