<?xml version = '1.0' encoding = 'UTF-8'?>
<Relation class="oracle.dbtools.crest.model.design.logical.Relation" name="Relation_3" directorySegmentName="seg_0" id="44CA0970-3A58-E2DD-1C77-C57FF581BE56">
<createdBy>David</createdBy>
<createdTime>2025-12-11 01:28:36 UTC</createdTime>
<ownerDesignName>ET_MER</ownerDesignName>
<engineerTo>
<item key="FFF5B524-B1D8-7326-FB8A-BF7E4669BF6B" value="true"/>
</engineerTo>
<identifying>false</identifying>
<optionalSource>false</optionalSource>
<optionalTarget>false</optionalTarget>
<sourceCardinality>*</sourceCardinality>
<sourceEntity>FCF4C19E-B965-6324-886C-9411A1A2C45B</sourceEntity>
<targetCardinalityString>*</targetCardinalityString>
<targetEntity>4357DF4F-7B8E-F2A9-C0D7-D165DFCA16F3</targetEntity>
<transferable>true</transferable>
<deleteRule>NO ACTION</deleteRule>
</Relation>