<?xml version = '1.0' encoding = 'UTF-8'?>
<Relation class="oracle.dbtools.crest.model.design.logical.Relation" name="Relation_1" directorySegmentName="seg_0" id="487C525B-9121-39C1-B411-E527C9136CE5">
<createdBy>David</createdBy>
<createdTime>2025-12-11 01:24:16 UTC</createdTime>
<ownerDesignName>ET_MER</ownerDesignName>
<engineerTo>
<item key="FFF5B524-B1D8-7326-FB8A-BF7E4669BF6B" value="true"/>
</engineerTo>
<sourcePk>F6F95DBC-F60E-0F3B-0F05-B2D87D31DA6C</sourcePk>
<identifying>false</identifying>
<optionalSource>false</optionalSource>
<optionalTarget>false</optionalTarget>
<sourceCardinality>1</sourceCardinality>
<sourceEntity>3BF37539-163E-98F8-C196-0C026408FA7A</sourceEntity>
<targetCardinalityString>*</targetCardinalityString>
<targetEntity>BAEDF4CA-4AEA-C44C-CFBD-A34E292AA04D</targetEntity>
<transferable>true</transferable>
<deleteRule>NO ACTION</deleteRule>
</Relation>