<?xml version = '1.0' encoding = 'UTF-8'?>
<Relation class="oracle.dbtools.crest.model.design.logical.Relation" name="Relation_5" directorySegmentName="seg_0" id="BD78EC64-3A53-1373-AF58-D2F2E8C8809D">
<createdBy>David</createdBy>
<createdTime>2025-12-11 01:30:05 UTC</createdTime>
<ownerDesignName>ET_MER</ownerDesignName>
<engineerTo>
<item key="FFF5B524-B1D8-7326-FB8A-BF7E4669BF6B" value="true"/>
</engineerTo>
<sourcePk>96412819-515F-F336-15ED-37F5489F938E</sourcePk>
<identifying>false</identifying>
<optionalSource>false</optionalSource>
<optionalTarget>false</optionalTarget>
<sourceCardinality>1</sourceCardinality>
<sourceEntity>FCF4C19E-B965-6324-886C-9411A1A2C45B</sourceEntity>
<targetCardinalityString>*</targetCardinalityString>
<targetEntity>DD9163CF-B175-1809-35E0-247EC8F68FA7</targetEntity>
<transferable>true</transferable>
<deleteRule>NO ACTION</deleteRule>
</Relation>