<?xml version = '1.0' encoding = 'UTF-8'?>
<Entity class="oracle.dbtools.crest.model.design.logical.Entity" directorySegmentName="seg_0" id="241E1988-C38B-89E9-8AB8-CA589653A261" name="DEPORTE">
<createdBy>David</createdBy>
<createdTime>2025-12-11 01:14:49 UTC</createdTime>
<ownerDesignName>ET_MER</ownerDesignName>
<engineerTo>
<item key="FFF5B524-B1D8-7326-FB8A-BF7E4669BF6B" value="true"/>
</engineerTo>
<adequatelyNormalized>NO</adequatelyNormalized>
<expectedVolumes>0</expectedVolumes>
<fwdEngineeringStrategyName>Single Table</fwdEngineeringStrategyName>
<growthPercent>0</growthPercent>
<growthType>Year</growthType>
<maxVolumes>9999999</maxVolumes>
<minVolumes>0</minVolumes>
<normalForm>Third</normalForm>
<attributes itemClass="oracle.dbtools.crest.model.design.logical.Attribute">
<Attribute name="ID" id="F4EB2332-96CA-CDE4-2747-4120BED6717D">
<createdBy>David</createdBy>
<createdTime>2025-12-11 01:14:54 UTC</createdTime>
<ownerDesignName>ET_MER</ownerDesignName>
<engineerTo>
<item key="FFF5B524-B1D8-7326-FB8A-BF7E4669BF6B" value="true"/>
</engineerTo>
<useDomainConstraints>false</useDomainConstraints>
<use>1</use>
<logicalDatatype>LOGDT024</logicalDatatype>
<dataTypeSize>10 BYTE</dataTypeSize>
<ownDataTypeParameters>10 BYTE,,</ownDataTypeParameters>
</Attribute>
<Attribute name="NomDeporte" id="E0D358BD-C0AE-ECE6-44D8-2ADA92844B09">
<createdBy>David</createdBy>
<createdTime>2025-12-11 01:23:16 UTC</createdTime>
<ownerDesignName>ET_MER</ownerDesignName>
<engineerTo>
<item key="FFF5B524-B1D8-7326-FB8A-BF7E4669BF6B" value="true"/>
</engineerTo>
<useDomainConstraints>false</useDomainConstraints>
<use>1</use>
<logicalDatatype>LOGDT024</logicalDatatype>
<dataTypeSize>15 BYTE</dataTypeSize>
<ownDataTypeParameters>15 BYTE,,</ownDataTypeParameters>
</Attribute>
<Attribute name="ID1" id="A85509EC-0714-783C-EA97-A916B1C615FD">
<createdBy>David</createdBy>
<createdTime>2025-12-11 01:30:39 UTC</createdTime>
<generatorID>F4E11F65-DE85-5AD0-ABCB-9A33ABF7013E</generatorID>
<ownerDesignName>ET_MER</ownerDesignName>
<engineerTo>
<item key="FFF5B524-B1D8-7326-FB8A-BF7E4669BF6B" value="true"/>
</engineerTo>
<referedAttribute>F0AA7DA3-BADF-DB70-DC65-9143023BB4A2</referedAttribute>
<useDomainConstraints>false</useDomainConstraints>
<use>1</use>
<logicalDatatype>LOGDT024</logicalDatatype>
<dataTypeSize>10 BYTE</dataTypeSize>
<ownDataTypeParameters>,,</ownDataTypeParameters>
</Attribute>
</attributes>
<identifiers itemClass="oracle.dbtools.crest.model.design.logical.CandidateKey">
<identifier id="2B8F4425-6286-238C-DF17-CF7BE4F6DF44" name="DEPORTE PK">
<createdBy>David</createdBy>
<createdTime>2025-12-11 01:23:15 UTC</createdTime>
<ownerDesignName>ET_MER</ownerDesignName>
<engineerTo>
<item key="FFF5B524-B1D8-7326-FB8A-BF7E4669BF6B" value="true"/>
</engineerTo>
<pk>true</pk>
<usedAttributes>
<attributeRef>F4EB2332-96CA-CDE4-2747-4120BED6717D</attributeRef>
</usedAttributes>
</identifier>
</identifiers>
</Entity>