<?xml version = '1.0' encoding = 'UTF-8'?>
<Entity class="oracle.dbtools.crest.model.design.logical.Entity" directorySegmentName="seg_0" id="DD9163CF-B175-1809-35E0-247EC8F68FA7" name="DIRECTOR">
<createdBy>David</createdBy>
<createdTime>2025-12-11 01:10:44 UTC</createdTime>
<ownerDesignName>ET_MER</ownerDesignName>
<engineerTo>
<item key="C159C734-B880-564E-0DDB-BF299325B966" value="true"/>
</engineerTo>
<adequatelyNormalized>NO</adequatelyNormalized>
<expectedVolumes>0</expectedVolumes>
<fwdEngineeringStrategyName>Single Table</fwdEngineeringStrategyName>
<growthPercent>0</growthPercent>
<growthType>Year</growthType>
<maxVolumes>9999999</maxVolumes>
<minVolumes>0</minVolumes>
<normalForm>Third</normalForm>
<attributes itemClass="oracle.dbtools.crest.model.design.logical.Attribute">
<Attribute name="RUT" id="3D2C1EAA-5D0A-1A19-1774-B523606B755F">
<createdBy>David</createdBy>
<createdTime>2025-12-11 01:10:59 UTC</createdTime>
<ownerDesignName>ET_MER</ownerDesignName>
<engineerTo>
<item key="C159C734-B880-564E-0DDB-BF299325B966" value="true"/>
</engineerTo>
<useDomainConstraints>false</useDomainConstraints>
<use>1</use>
<logicalDatatype>LOGDT024</logicalDatatype>
<dataTypeSize>15 BYTE</dataTypeSize>
<ownDataTypeParameters>15 BYTE,,</ownDataTypeParameters>
</Attribute>
<Attribute name="Nombre" id="7F199023-13D5-6A87-4053-983CC251B856">
<createdBy>David</createdBy>
<createdTime>2025-12-11 01:11:35 UTC</createdTime>
<ownerDesignName>ET_MER</ownerDesignName>
<engineerTo>
<item key="C159C734-B880-564E-0DDB-BF299325B966" value="true"/>
</engineerTo>
<useDomainConstraints>false</useDomainConstraints>
<use>1</use>
<logicalDatatype>LOGDT024</logicalDatatype>
<dataTypeSize>15 BYTE</dataTypeSize>
<ownDataTypeParameters>15 BYTE,,</ownDataTypeParameters>
</Attribute>
<Attribute name="Apellido" id="60DC912C-B5EF-F434-892D-351BA8023829">
<createdBy>David</createdBy>
<createdTime>2025-12-11 01:11:54 UTC</createdTime>
<ownerDesignName>ET_MER</ownerDesignName>
<engineerTo>
<item key="C159C734-B880-564E-0DDB-BF299325B966" value="true"/>
</engineerTo>
<useDomainConstraints>false</useDomainConstraints>
<use>1</use>
<logicalDatatype>LOGDT024</logicalDatatype>
<dataTypeSize>15 BYTE</dataTypeSize>
<ownDataTypeParameters>15 BYTE,,</ownDataTypeParameters>
</Attribute>
<Attribute name="Telefono" id="1F32B700-5BB6-3F99-457D-D74A705DE103">
<createdBy>David</createdBy>
<createdTime>2025-12-11 01:13:58 UTC</createdTime>
<ownerDesignName>ET_MER</ownerDesignName>
<engineerTo>
<item key="C159C734-B880-564E-0DDB-BF299325B966" value="true"/>
</engineerTo>
<nullsAllowed>true</nullsAllowed>
<useDomainConstraints>false</useDomainConstraints>
<use>1</use>
<logicalDatatype>LOGDT024</logicalDatatype>
<dataTypeSize>15 BYTE</dataTypeSize>
<ownDataTypeParameters>15 BYTE,,</ownDataTypeParameters>
</Attribute>
<Attribute name="ID" id="A9147818-9547-C4B4-D805-AA80691E4395">
<createdBy>David</createdBy>
<createdTime>2025-12-11 01:30:05 UTC</createdTime>
<generatorID>BD78EC64-3A53-1373-AF58-D2F2E8C8809D</generatorID>
<ownerDesignName>ET_MER</ownerDesignName>
<engineerTo>
<item key="C159C734-B880-564E-0DDB-BF299325B966" value="true"/>
</engineerTo>
<referedAttribute>F0AA7DA3-BADF-DB70-DC65-9143023BB4A2</referedAttribute>
<useDomainConstraints>false</useDomainConstraints>
<use>1</use>
<logicalDatatype>LOGDT024</logicalDatatype>
<dataTypeSize>10 BYTE</dataTypeSize>
<ownDataTypeParameters>,,</ownDataTypeParameters>
</Attribute>
</attributes>
<identifiers itemClass="oracle.dbtools.crest.model.design.logical.CandidateKey">
<identifier id="19FEC4C8-692E-4831-2301-746E7E30D2A3" name="DIRECTOR PK">
<createdBy>David</createdBy>
<createdTime>2025-12-11 01:11:34 UTC</createdTime>
<ownerDesignName>ET_MER</ownerDesignName>
<engineerTo>
<item key="C159C734-B880-564E-0DDB-BF299325B966" value="true"/>
</engineerTo>
<pk>true</pk>
<usedAttributes>
<attributeRef>3D2C1EAA-5D0A-1A19-1774-B523606B755F</attributeRef>
</usedAttributes>
</identifier>
</identifiers>
</Entity>