<?xml version = '1.0' encoding = 'UTF-8'?>
<Entity class="oracle.dbtools.crest.model.design.logical.Entity" directorySegmentName="seg_0" id="FCF4C19E-B965-6324-886C-9411A1A2C45B" name="ESCUELA">
<createdBy>David</createdBy>
<createdTime>2025-12-10 22:50:04 UTC</createdTime>
<ownerDesignName>ET_MER</ownerDesignName>
<engineerTo>
<item key="C159C734-B880-564E-0DDB-BF299325B966" value="true"/>
</engineerTo>
<adequatelyNormalized>NO</adequatelyNormalized>
<expectedVolumes>0</expectedVolumes>
<fwdEngineeringStrategyName>Single Table</fwdEngineeringStrategyName>
<growthPercent>0</growthPercent>
<growthType>Year</growthType>
<maxVolumes>9999999</maxVolumes>
<minVolumes>0</minVolumes>
<normalForm>Third</normalForm>
<attributes itemClass="oracle.dbtools.crest.model.design.logical.Attribute">
<Attribute name="ID" id="F0AA7DA3-BADF-DB70-DC65-9143023BB4A2">
<createdBy>David</createdBy>
<createdTime>2025-12-10 22:50:10 UTC</createdTime>
<ownerDesignName>ET_MER</ownerDesignName>
<engineerTo>
<item key="C159C734-B880-564E-0DDB-BF299325B966" value="true"/>
</engineerTo>
<useDomainConstraints>false</useDomainConstraints>
<use>1</use>
<logicalDatatype>LOGDT024</logicalDatatype>
<dataTypeSize>10 BYTE</dataTypeSize>
<ownDataTypeParameters>10 BYTE,,</ownDataTypeParameters>
</Attribute>
<Attribute name="NomEscuela" id="00737815-84F0-7BE4-EF34-42FC52FA4DEA">
<createdBy>David</createdBy>
<createdTime>2025-12-10 22:50:32 UTC</createdTime>
<ownerDesignName>ET_MER</ownerDesignName>
<engineerTo>
<item key="C159C734-B880-564E-0DDB-BF299325B966" value="true"/>
</engineerTo>
<useDomainConstraints>false</useDomainConstraints>
<use>1</use>
<logicalDatatype>LOGDT024</logicalDatatype>
<dataTypeSize>50 BYTE</dataTypeSize>
<ownDataTypeParameters>50 BYTE,,</ownDataTypeParameters>
</Attribute>
<Attribute name="PresupuestoAnual" id="0CAEDF24-289E-3DB7-1C3A-0D3BF8F5B8B9">
<createdBy>David</createdBy>
<createdTime>2025-12-10 22:50:50 UTC</createdTime>
<ownerDesignName>ET_MER</ownerDesignName>
<engineerTo>
<item key="C159C734-B880-564E-0DDB-BF299325B966" value="true"/>
</engineerTo>
<useDomainConstraints>false</useDomainConstraints>
<use>1</use>
<logicalDatatype>LOGDT024</logicalDatatype>
<dataTypeSize>15 BYTE</dataTypeSize>
<ownDataTypeParameters>15 BYTE,,</ownDataTypeParameters>
</Attribute>
<Attribute name="ID1" id="72E88845-0CD1-13F9-FB51-9D08956F678A">
<createdBy>David</createdBy>
<createdTime>2025-12-11 01:25:17 UTC</createdTime>
<generatorID>EA13FBE2-2901-187C-D71E-4325C628FFCE</generatorID>
<ownerDesignName>ET_MER</ownerDesignName>
<engineerTo>
<item key="C159C734-B880-564E-0DDB-BF299325B966" value="true"/>
</engineerTo>
<referedAttribute>018ACD05-825E-8B92-650D-B6C3060F5658</referedAttribute>
<useDomainConstraints>false</useDomainConstraints>
<use>1</use>
<logicalDatatype>LOGDT024</logicalDatatype>
<dataTypeSize>10 BYTE</dataTypeSize>
<ownDataTypeParameters>10 BYTE,,</ownDataTypeParameters>
</Attribute>
<Attribute name="ID2" id="F79AC511-58C7-E2DD-11A9-F413E5FCE653">
<createdBy>David</createdBy>
<createdTime>2025-12-11 01:30:40 UTC</createdTime>
<generatorID>F4E11F65-DE85-5AD0-ABCB-9A33ABF7013E</generatorID>
<ownerDesignName>ET_MER</ownerDesignName>
<engineerTo>
<item key="C159C734-B880-564E-0DDB-BF299325B966" value="true"/>
</engineerTo>
<referedAttribute>F4EB2332-96CA-CDE4-2747-4120BED6717D</referedAttribute>
<useDomainConstraints>false</useDomainConstraints>
<use>1</use>
<logicalDatatype>LOGDT024</logicalDatatype>
<dataTypeSize>10 BYTE</dataTypeSize>
<ownDataTypeParameters>10 BYTE,,</ownDataTypeParameters>
</Attribute>
</attributes>
<identifiers itemClass="oracle.dbtools.crest.model.design.logical.CandidateKey">
<identifier id="96412819-515F-F336-15ED-37F5489F938E" name="ESCUELA PK">
<createdBy>David</createdBy>
<createdTime>2025-12-10 22:50:23 UTC</createdTime>
<ownerDesignName>ET_MER</ownerDesignName>
<engineerTo>
<item key="C159C734-B880-564E-0DDB-BF299325B966" value="true"/>
</engineerTo>
<pk>true</pk>
<usedAttributes>
<attributeRef>F0AA7DA3-BADF-DB70-DC65-9143023BB4A2</attributeRef>
</usedAttributes>
</identifier>
</identifiers>
</Entity>