<?xml version = '1.0' encoding = 'UTF-8'?>
<FKIndexAssociation class="oracle.dbtools.crest.model.design.relational.FKIndexAssociation" directorySegmentName="seg_0" id="3C95B008-7F27-33FC-38DF-26901D0A27E3" containerWithKeyObject="F509FF29-5288-9AF8-7B12-D7F8A1815365" localFKIndex="0B9795CC-978B-8E3C-6880-D3EF81D1D2B9" name="DIRECTOR_ESCUELA_FK">
<createdBy>David</createdBy>
<createdTime>2025-12-11 21:13:47 UTC</createdTime>
<generatorID>BD78EC64-3A53-1373-AF58-D2F2E8C8809D</generatorID>
<ownerDesignName>ET_MER</ownerDesignName>
<referredTableLongName>ESCUELA</referredTableLongName>
<deleteRule>NO ACTION</deleteRule>
<referredTableID>08560809-ECD5-8E5D-3D87-B146C90F90E2</referredTableID>
<keyObject>CC40689F-9432-D7D2-A91F-59397C4D53C7</keyObject>
<referredKeyID>CC40689F-9432-D7D2-A91F-59397C4D53C7</referredKeyID>
<mandatory>true</mandatory>
<refColNames>ID</refColNames>
<transferable>true</transferable>
<rely>false</rely>
<columnDependencyConstraintGenerateInDDL>true</columnDependencyConstraintGenerateInDDL>
</FKIndexAssociation>