<?xml version = '1.0' encoding = 'UTF-8'?>
<FKIndexAssociation class="oracle.dbtools.crest.model.design.relational.FKIndexAssociation" directorySegmentName="seg_0" id="CE28FE7A-6B39-9ECA-4C66-F3B945F546EE" containerWithKeyObject="E3BD6607-744D-0653-4DA2-B486575EB6A3" localFKIndex="4A8A8B58-57C3-8A66-11A7-FFA56DDB851F" name="Relation_3_ESCUELA_FK">
<createdBy>David</createdBy>
<createdTime>2025-12-11 21:13:47 UTC</createdTime>
<generatorID>44CA0970-3A58-E2DD-1C77-C57FF581BE56</generatorID>
<ownerDesignName>ET_MER</ownerDesignName>
<referredTableLongName>ESCUELA</referredTableLongName>
<deleteRule>NO ACTION</deleteRule>
<referredTableID>08560809-ECD5-8E5D-3D87-B146C90F90E2</referredTableID>
<keyObject>CC40689F-9432-D7D2-A91F-59397C4D53C7</keyObject>
<referredKeyID>CC40689F-9432-D7D2-A91F-59397C4D53C7</referredKeyID>
<mandatory>true</mandatory>
<refColNames>ID</refColNames>
<transferable>true</transferable>
<rely>false</rely>
<columnDependencyConstraintGenerateInDDL>true</columnDependencyConstraintGenerateInDDL>
</FKIndexAssociation>