<?xml version = '1.0' encoding = 'UTF-8'?>
<FKIndexAssociation class="oracle.dbtools.crest.model.design.relational.FKIndexAssociation" directorySegmentName="seg_0" id="F634D95A-787F-69C2-543A-A61DAF6FE300" containerWithKeyObject="08560809-ECD5-8E5D-3D87-B146C90F90E2" localFKIndex="47C36B60-62A7-CFD7-FF71-1B2C3C61C79A" name="ESCUELA_DEPORTE_FK">
<createdBy>David</createdBy>
<createdTime>2025-12-11 21:13:47 UTC</createdTime>
<generatorID>F4E11F65-DE85-5AD0-ABCB-9A33ABF7013E</generatorID>
<ownerDesignName>ET_MER</ownerDesignName>
<referredTableLongName>DEPORTE</referredTableLongName>
<deleteRule>NO ACTION</deleteRule>
<referredTableID>D8949F57-C354-B4B8-18E6-58F9922407E8</referredTableID>
<keyObject>5A455963-DB97-F30F-4375-4AF0B9BF3F4C</keyObject>
<referredKeyID>5A455963-DB97-F30F-4375-4AF0B9BF3F4C</referredKeyID>
<mandatory>true</mandatory>
<refColNames>ID</refColNames>
<transferable>true</transferable>
<rely>false</rely>
<columnDependencyConstraintGenerateInDDL>true</columnDependencyConstraintGenerateInDDL>
</FKIndexAssociation>