<?xml version = '1.0' encoding = 'UTF-8'?>
<Table class="oracle.dbtools.crest.model.design.relational.Table" directorySegmentName="seg_0" id="D8949F57-C354-B4B8-18E6-58F9922407E8" name="DEPORTE">
<createdBy>David</createdBy>
<createdTime>2025-12-11 21:13:47 UTC</createdTime>
<generatorID>241E1988-C38B-89E9-8AB8-CA589653A261</generatorID>
<ownerDesignName>ET_MER</ownerDesignName>
<allowColumnReorder>false</allowColumnReorder>
<existDependencyGenerateInDDl>true</existDependencyGenerateInDDl>
<parsed>true</parsed>
<columns itemClass="oracle.dbtools.crest.model.design.relational.Column">
<Column name="ID" id="20397B45-D65E-1E33-0666-7134CF45BD9F">
<createdBy>David</createdBy>
<createdTime>2025-12-11 21:13:47 UTC</createdTime>
<generatorID>F4EB2332-96CA-CDE4-2747-4120BED6717D</generatorID>
<ownerDesignName>ET_MER</ownerDesignName>
<useDomainConstraints>false</useDomainConstraints>
<use>1</use>
<logicalDatatype>LOGDT024</logicalDatatype>
<dataTypeSize>10 BYTE</dataTypeSize>
<ownDataTypeParameters>10 BYTE,,</ownDataTypeParameters>
<autoIncrementCycle>false</autoIncrementCycle>
</Column>
<Column name="NomDeporte" id="5A5E4F95-07EA-BAC5-4988-D8E7DBD0EC3D">
<createdBy>David</createdBy>
<createdTime>2025-12-11 21:13:47 UTC</createdTime>
<generatorID>E0D358BD-C0AE-ECE6-44D8-2ADA92844B09</generatorID>
<ownerDesignName>ET_MER</ownerDesignName>
<useDomainConstraints>false</useDomainConstraints>
<use>1</use>
<logicalDatatype>LOGDT024</logicalDatatype>
<dataTypeSize>15 BYTE</dataTypeSize>
<ownDataTypeParameters>15 BYTE,,</ownDataTypeParameters>
<autoIncrementCycle>false</autoIncrementCycle>
</Column>
<Column name="ESCUELA_ID" id="6FB0E744-3F90-7AE0-EF47-07432734380A">
<createdBy>David</createdBy>
<createdTime>2025-12-11 21:13:47 UTC</createdTime>
<generatorID>A85509EC-0714-783C-EA97-A916B1C615FD</generatorID>
<ownerDesignName>ET_MER</ownerDesignName>
<useDomainConstraints>false</useDomainConstraints>
<use>1</use>
<logicalDatatype>LOGDT024</logicalDatatype>
<dataTypeSize>10 BYTE</dataTypeSize>
<ownDataTypeParameters>,,</ownDataTypeParameters>
<previousColumn>false</previousColumn>
<autoIncrementCycle>false</autoIncrementCycle>
<associations>
<colAssociation fkAssociation="55478B60-05C2-A50C-4B97-1DC1BD346DD0" referredColumn="6AAC7294-6522-09FB-C191-8F8BCE1F8F2D"/>
</associations>
</Column>
</columns>
<indexes itemClass="oracle.dbtools.crest.model.design.relational.Index">
<ind_PK_UK id="5A455963-DB97-F30F-4375-4AF0B9BF3F4C" name="DEPORTE_PK">
<createdBy>David</createdBy>
<createdTime>2025-12-11 21:13:47 UTC</createdTime>
<generatorID>2B8F4425-6286-238C-DF17-CF7BE4F6DF44</generatorID>
<ownerDesignName>ET_MER</ownerDesignName>
<pk>true</pk>
<indexState>Primary Constraint</indexState>
<isSurrogateKey>false</isSurrogateKey>
<indexColumnUsage>
<colUsage columnID="20397B45-D65E-1E33-0666-7134CF45BD9F"/>
</indexColumnUsage>
</ind_PK_UK>
<ind_PK_UK id="7D104685-1738-7166-8A35-5AA9E72C5C58" name="DEPORTE__IDX">
<createdBy>David</createdBy>
<createdTime>2025-12-11 21:13:47 UTC</createdTime>
<ownerDesignName>ET_MER</ownerDesignName>
<indexState>Unique Plain Index</indexState>
<isSurrogateKey>false</isSurrogateKey>
<relationGeneratorID>F4E11F65-DE85-5AD0-ABCB-9A33ABF7013E</relationGeneratorID>
<indexColumnUsage>
<colUsage columnID="6FB0E744-3F90-7AE0-EF47-07432734380A"/>
</indexColumnUsage>
</ind_PK_UK>
<ind_PK_UK id="D61D74FC-DC03-27F9-BBDD-253920A4B4EE" name="DEPORTE_ESCUELA_FK">
<createdBy>David</createdBy>
<createdTime>2025-12-11 21:13:47 UTC</createdTime>
<generatorID>F4E11F65-DE85-5AD0-ABCB-9A33ABF7013E</generatorID>
<ownerDesignName>ET_MER</ownerDesignName>
<indexState>Foreign Key</indexState>
<isSurrogateKey>false</isSurrogateKey>
<indexColumnUsage>
<colUsage columnID="6FB0E744-3F90-7AE0-EF47-07432734380A"/>
</indexColumnUsage>
</ind_PK_UK>
</indexes>
</Table>